ID,NormalFormat,CustomName,Year,Session,Timezone,Paper,Subject,Level,CompletedDate,Mark,Maximum,Notes,GBMAX,GradeBoundaries,CourseType,QuestionPaperDocuments,MarkschemeDocuments,AttachmentDocuments
4057f20f-4fec-4c37-9bb1-8574008b6d61,True,,2015,May,1,1,Physics,HL,2023-07-17,90.0,100.0,,0,"{""7"": 0, ""6"": 0, ""5"": 0, ""4"": 0, ""3"": 0, ""2"": 0, ""1"": 0}",IB,"{""d730c9b3-6dd6-4170-a0b8-2e93ed9a5829"": {""id"": ""d730c9b3-6dd6-4170-a0b8-2e93ed9a5829"", ""directory_path"": ""C:/Users/jamie/Code/file-manager-new\\ExamDocumentManager/International Baccalaureate/Physics/HigherLevel/2015/M/TZ1"", ""file_name"": ""questionpaper-M-2015-TZ1-P1-PH-HigherLevel"", ""original_file_name"": ""questionpaper-M-2015-TZ1-P1-PH-HigherLevel"", ""file_type"": ""questionpaper"", ""file_extension"": ""pdf"", ""suffix"": """", ""numberid"": 0}}","{""6c7692da-9c08-4b44-bed4-f94beae657db"": {""id"": ""6c7692da-9c08-4b44-bed4-f94beae657db"", ""directory_path"": ""C:/Users/jamie/Code/file-manager-new\\ExamDocumentManager/International Baccalaureate/Physics/HigherLevel/2015/M/TZ1"", ""file_name"": ""markscheme-M-2015-TZ1-P1-PH-HigherLevel"", ""original_file_name"": ""markscheme-M-2015-TZ1-P1-PH-HigherLevel"", ""file_type"": ""markscheme"", ""file_extension"": ""pdf"", ""suffix"": """", ""numberid"": 0}}",{}
9a7a2420-e475-4a8f-bfe5-10558104cb37,True,,2015,May,2,1,Physics,HL,2023-07-10,80.0,100.0,,0,"{""7"": 0, ""6"": 0, ""5"": 0, ""4"": 0, ""3"": 0, ""2"": 0, ""1"": 0}",IB,"{""06104c73-83f0-4e3c-b7f4-c16dc2205098"": {""id"": ""06104c73-83f0-4e3c-b7f4-c16dc2205098"", ""directory_path"": ""C:/Users/jamie/Code/file-manager-new\\ExamDocumentManager/International Baccalaureate/Physics/HigherLevel/2015/M/TZ2"", ""file_name"": ""questionpaper-M-2015-TZ2-P1-PH-HigherLevel"", ""original_file_name"": ""questionpaper-M-2015-TZ2-P1-PH-HigherLevel"", ""file_type"": ""questionpaper"", ""file_extension"": ""pdf"", ""suffix"": """", ""numberid"": 0}}","{""fc78f379-b9ce-4e73-bd87-4769ec910502"": {""id"": ""fc78f379-b9ce-4e73-bd87-4769ec910502"", ""directory_path"": ""C:/Users/jamie/Code/file-manager-new\\ExamDocumentManager/International Baccalaureate/Physics/HigherLevel/2015/M/TZ2"", ""file_name"": ""markscheme-M-2015-TZ2-P1-PH-HigherLevel"", ""original_file_name"": ""markscheme-M-2015-TZ2-P1-PH-HigherLevel"", ""file_type"": ""markscheme"", ""file_extension"": ""pdf"", ""suffix"": """", ""numberid"": 0}}",{}
a7ee951f-091d-4a01-888c-a214b6537048,True,,2015,May,1,2,Physics,HL,,0.0,0.0,,0,"{""7"": 0, ""6"": 0, ""5"": 0, ""4"": 0, ""3"": 0, ""2"": 0, ""1"": 0}",IB,"{""216511fc-3ce5-4949-a17c-f986f03ac3e1"": {""id"": ""216511fc-3ce5-4949-a17c-f986f03ac3e1"", ""directory_path"": ""C:/Users/jamie/Code/file-manager-new\\ExamDocumentManager/International Baccalaureate/Physics/HigherLevel/2015/M/TZ1"", ""file_name"": ""questionpaper-M-2015-TZ1-P2-PH-HigherLevel"", ""original_file_name"": ""questionpaper-M-2015-TZ1-P2-PH-HigherLevel"", ""file_type"": ""questionpaper"", ""file_extension"": ""pdf"", ""suffix"": """", ""numberid"": 0}}","{""154aabb9-92da-4e6c-a7ad-9245f9f446be"": {""id"": ""154aabb9-92da-4e6c-a7ad-9245f9f446be"", ""directory_path"": ""C:/Users/jamie/Code/file-manager-new\\ExamDocumentManager/International Baccalaureate/Physics/HigherLevel/2015/M/TZ1"", ""file_name"": ""markscheme-M-2015-TZ1-P2-PH-HigherLevel"", ""original_file_name"": ""markscheme-M-2015-TZ1-P2-PH-HigherLevel"", ""file_type"": ""markscheme"", ""file_extension"": ""pdf"", ""suffix"": """", ""numberid"": 0}}",{}
fdaced1f-fce1-4a5a-801b-1fa32f97a147,True,,2015,May,2,2,Physics,HL,,0.0,0.0,,0,"{""7"": 0, ""6"": 0, ""5"": 0, ""4"": 0, ""3"": 0, ""2"": 0, ""1"": 0}",IB,"{""52962d0c-19ab-48db-afc4-c878d79bd0cd"": {""id"": ""52962d0c-19ab-48db-afc4-c878d79bd0cd"", ""directory_path"": ""C:/Users/jamie/Code/file-manager-new\\ExamDocumentManager/International Baccalaureate/Physics/HigherLevel/2015/M/TZ2"", ""file_name"": ""questionpaper-M-2015-TZ2-P2-PH-HigherLevel"", ""original_file_name"": ""questionpaper-M-2015-TZ2-P2-PH-HigherLevel"", ""file_type"": ""questionpaper"", ""file_extension"": ""pdf"", ""suffix"": """", ""numberid"": 0}}","{""02c317fe-5169-415c-8f37-787b8bc8d77a"": {""id"": ""02c317fe-5169-415c-8f37-787b8bc8d77a"", ""directory_path"": ""C:/Users/jamie/Code/file-manager-new\\ExamDocumentManager/International Baccalaureate/Physics/HigherLevel/2015/M/TZ2"", ""file_name"": ""markscheme-M-2015-TZ2-P2-PH-HigherLevel"", ""original_file_name"": ""markscheme-M-2015-TZ2-P2-PH-HigherLevel"", ""file_type"": ""markscheme"", ""file_extension"": ""pdf"", ""suffix"": """", ""numberid"": 0}}",{}
84f6602f-e257-489c-8a9b-59f7daa1a920,True,,2015,May,1,3,Physics,HL,,0.0,0.0,,0,"{""7"": 0, ""6"": 0, ""5"": 0, ""4"": 0, ""3"": 0, ""2"": 0, ""1"": 0}",IB,"{""8a576e12-0829-410b-b2e4-b22b7d19933f"": {""id"": ""8a576e12-0829-410b-b2e4-b22b7d19933f"", ""directory_path"": ""C:/Users/jamie/Code/file-manager-new\\ExamDocumentManager/International Baccalaureate/Physics/HigherLevel/2015/M/TZ1"", ""file_name"": ""questionpaper-M-2015-TZ1-P3-PH-HigherLevel"", ""original_file_name"": ""questionpaper-M-2015-TZ1-P3-PH-HigherLevel"", ""file_type"": ""questionpaper"", ""file_extension"": ""pdf"", ""suffix"": """", ""numberid"": 0}}","{""d9742f65-1d89-487b-959e-1d243c8d543e"": {""id"": ""d9742f65-1d89-487b-959e-1d243c8d543e"", ""directory_path"": ""C:/Users/jamie/Code/file-manager-new\\ExamDocumentManager/International Baccalaureate/Physics/HigherLevel/2015/M/TZ1"", ""file_name"": ""markscheme-M-2015-TZ1-P3-PH-HigherLevel"", ""original_file_name"": ""markscheme-M-2015-TZ1-P3-PH-HigherLevel"", ""file_type"": ""markscheme"", ""file_extension"": ""pdf"", ""suffix"": """", ""numberid"": 0}}",{}
497468bd-106a-44b6-bb26-66510f7f053b,True,,2015,May,2,3,Physics,HL,,0.0,0.0,,0,"{""7"": 0, ""6"": 0, ""5"": 0, ""4"": 0, ""3"": 0, ""2"": 0, ""1"": 0}",IB,"{""d8654fec-22c1-444e-b5c5-84ec3b20d93f"": {""id"": ""d8654fec-22c1-444e-b5c5-84ec3b20d93f"", ""directory_path"": ""C:/Users/jamie/Code/file-manager-new\\ExamDocumentManager/International Baccalaureate/Physics/HigherLevel/2015/M/TZ2"", ""file_name"": ""questionpaper-M-2015-TZ2-P3-PH-HigherLevel"", ""original_file_name"": ""questionpaper-M-2015-TZ2-P3-PH-HigherLevel"", ""file_type"": ""questionpaper"", ""file_extension"": ""pdf"", ""suffix"": """", ""numberid"": 0}}","{""9f1180e3-b590-44a2-9fa5-1b887eba746f"": {""id"": ""9f1180e3-b590-44a2-9fa5-1b887eba746f"", ""directory_path"": ""C:/Users/jamie/Code/file-manager-new\\ExamDocumentManager/International Baccalaureate/Physics/HigherLevel/2015/M/TZ2"", ""file_name"": ""markscheme-M-2015-TZ2-P3-PH-HigherLevel"", ""original_file_name"": ""markscheme-M-2015-TZ2-P3-PH-HigherLevel"", ""file_type"": ""markscheme"", ""file_extension"": ""pdf"", ""suffix"": """", ""numberid"": 0}}",{}
7c14bc91-c8c2-4708-9dd4-2dcf7f71feec,True,,2015,November,,1,Physics,HL,,0.0,0.0,,0,"{""7"": 0, ""6"": 0, ""5"": 0, ""4"": 0, ""3"": 0, ""2"": 0, ""1"": 0}",IB,"{""82f6d15b-5cfc-4476-b37e-d05089f53a0a"": {""id"": ""82f6d15b-5cfc-4476-b37e-d05089f53a0a"", ""directory_path"": ""C:/Users/jamie/Code/file-manager-new\\ExamDocumentManager/International Baccalaureate/Physics/HigherLevel/2015/N"", ""file_name"": ""questionpaper-N-2015-P1-PH-HigherLevel"", ""original_file_name"": ""questionpaper-N-2015-P1-PH-HigherLevel"", ""file_type"": ""questionpaper"", ""file_extension"": ""pdf"", ""suffix"": """", ""numberid"": 0}}","{""9e48b41e-17d3-49cd-b368-3772122d966d"": {""id"": ""9e48b41e-17d3-49cd-b368-3772122d966d"", ""directory_path"": ""C:/Users/jamie/Code/file-manager-new\\ExamDocumentManager/International Baccalaureate/Physics/HigherLevel/2015/N"", ""file_name"": ""markscheme-N-2015-P1-PH-HigherLevel"", ""original_file_name"": ""markscheme-N-2015-P1-PH-HigherLevel"", ""file_type"": ""markscheme"", ""file_extension"": ""pdf"", ""suffix"": """", ""numberid"": 0}}",{}
58c71673-d895-42aa-a4b0-21fad1e96f6a,True,,2015,November,,2,Physics,HL,,0.0,0.0,,0,"{""7"": 0, ""6"": 0, ""5"": 0, ""4"": 0, ""3"": 0, ""2"": 0, ""1"": 0}",IB,"{""b5c8d3ed-1c90-4296-953b-d7cd9045524a"": {""id"": ""b5c8d3ed-1c90-4296-953b-d7cd9045524a"", ""directory_path"": ""C:/Users/jamie/Code/file-manager-new\\ExamDocumentManager/International Baccalaureate/Physics/HigherLevel/2015/N"", ""file_name"": ""questionpaper-N-2015-P2-PH-HigherLevel"", ""original_file_name"": ""questionpaper-N-2015-P2-PH-HigherLevel"", ""file_type"": ""questionpaper"", ""file_extension"": ""pdf"", ""suffix"": """", ""numberid"": 0}}","{""51bfcad5-0f60-4733-8342-807b807e3fed"": {""id"": ""51bfcad5-0f60-4733-8342-807b807e3fed"", ""directory_path"": ""C:/Users/jamie/Code/file-manager-new\\ExamDocumentManager/International Baccalaureate/Physics/HigherLevel/2015/N"", ""file_name"": ""markscheme-N-2015-P2-PH-HigherLevel"", ""original_file_name"": ""markscheme-N-2015-P2-PH-HigherLevel"", ""file_type"": ""markscheme"", ""file_extension"": ""pdf"", ""suffix"": """", ""numberid"": 0}}",{}
bb1e9e71-da70-4804-aa6d-723d89c5d82c,True,,2015,November,,3,Physics,HL,,0.0,0.0,,0,"{""7"": 0, ""6"": 0, ""5"": 0, ""4"": 0, ""3"": 0, ""2"": 0, ""1"": 0}",IB,"{""97188cae-e1ea-46c5-b728-6d68e06cc031"": {""id"": ""97188cae-e1ea-46c5-b728-6d68e06cc031"", ""directory_path"": ""C:/Users/jamie/Code/file-manager-new\\ExamDocumentManager/International Baccalaureate/Physics/HigherLevel/2015/N"", ""file_name"": ""questionpaper-N-2015-P3-PH-HigherLevel"", ""original_file_name"": ""questionpaper-N-2015-P3-PH-HigherLevel"", ""file_type"": ""questionpaper"", ""file_extension"": ""pdf"", ""suffix"": """", ""numberid"": 0}}","{""b9df8fd2-9123-49e6-9148-1f6c74e8f198"": {""id"": ""b9df8fd2-9123-49e6-9148-1f6c74e8f198"", ""directory_path"": ""C:/Users/jamie/Code/file-manager-new\\ExamDocumentManager/International Baccalaureate/Physics/HigherLevel/2015/N"", ""file_name"": ""markscheme-N-2015-P3-PH-HigherLevel"", ""original_file_name"": ""markscheme-N-2015-P3-PH-HigherLevel"", ""file_type"": ""markscheme"", ""file_extension"": ""pdf"", ""suffix"": """", ""numberid"": 0}}",{}
f884be64-032a-49e3-9c2b-70f4451d7d73,True,,2016,May,,1,Physics,HL,,0.0,0.0,,0,"{""7"": 0, ""6"": 0, ""5"": 0, ""4"": 0, ""3"": 0, ""2"": 0, ""1"": 0}",IB,"{""00cfec5b-ec4b-4170-8f51-cb8d42bdd4cc"": {""id"": ""00cfec5b-ec4b-4170-8f51-cb8d42bdd4cc"", ""directory_path"": ""C:/Users/jamie/Code/file-manager-new\\ExamDocumentManager/International Baccalaureate/Physics/HigherLevel/2016/M"", ""file_name"": ""questionpaper-M-2016-P1-PH-HigherLevel"", ""original_file_name"": ""questionpaper-M-2016-P1-PH-HigherLevel"", ""file_type"": ""questionpaper"", ""file_extension"": ""pdf"", ""suffix"": """", ""numberid"": 0}}","{""2dc67a34-d201-4fcc-83c6-3048cf6049cd"": {""id"": ""2dc67a34-d201-4fcc-83c6-3048cf6049cd"", ""directory_path"": ""C:/Users/jamie/Code/file-manager-new\\ExamDocumentManager/International Baccalaureate/Physics/HigherLevel/2016/M"", ""file_name"": ""markscheme-M-2016-P1-PH-HigherLevel"", ""original_file_name"": ""markscheme-M-2016-P1-PH-HigherLevel"", ""file_type"": ""markscheme"", ""file_extension"": ""pdf"", ""suffix"": """", ""numberid"": 0}}",{}
f2e20aa0-d1c9-46b5-b95c-a7f3d7bed5fe,True,,2016,May,,2,Physics,HL,,0.0,0.0,,0,"{""7"": 0, ""6"": 0, ""5"": 0, ""4"": 0, ""3"": 0, ""2"": 0, ""1"": 0}",IB,"{""5f0a1b98-e6c6-4bbd-8c97-dcdb7bc66a6c"": {""id"": ""5f0a1b98-e6c6-4bbd-8c97-dcdb7bc66a6c"", ""directory_path"": ""C:/Users/jamie/Code/file-manager-new\\ExamDocumentManager/International Baccalaureate/Physics/HigherLevel/2016/M"", ""file_name"": ""questionpaper-M-2016-P2-PH-HigherLevel"", ""original_file_name"": ""questionpaper-M-2016-P2-PH-HigherLevel"", ""file_type"": ""questionpaper"", ""file_extension"": ""pdf"", ""suffix"": """", ""numberid"": 0}}","{""9bf31561-cc04-4825-be09-029e6f1f5c02"": {""id"": ""9bf31561-cc04-4825-be09-029e6f1f5c02"", ""directory_path"": ""C:/Users/jamie/Code/file-manager-new\\ExamDocumentManager/International Baccalaureate/Physics/HigherLevel/2016/M"", ""file_name"": ""markscheme-M-2016-P2-PH-HigherLevel"", ""original_file_name"": ""markscheme-M-2016-P2-PH-HigherLevel"", ""file_type"": ""markscheme"", ""file_extension"": ""pdf"", ""suffix"": """", ""numberid"": 0}}",{}
8158b926-473b-40c2-8045-8a73115661a3,True,,2016,May,,3,Physics,HL,,0.0,0.0,,0,"{""7"": 0, ""6"": 0, ""5"": 0, ""4"": 0, ""3"": 0, ""2"": 0, ""1"": 0}",IB,"{""912eacc7-fbdf-43f1-ae2a-943c9e40ade9"": {""id"": ""912eacc7-fbdf-43f1-ae2a-943c9e40ade9"", ""directory_path"": ""C:/Users/jamie/Code/file-manager-new\\ExamDocumentManager/International Baccalaureate/Physics/HigherLevel/2016/M"", ""file_name"": ""questionpaper-M-2016-P3-PH-HigherLevel"", ""original_file_name"": ""questionpaper-M-2016-P3-PH-HigherLevel"", ""file_type"": ""questionpaper"", ""file_extension"": ""pdf"", ""suffix"": """", ""numberid"": 0}}","{""97fff2ea-e517-488d-904b-7953ff1d6178"": {""id"": ""97fff2ea-e517-488d-904b-7953ff1d6178"", ""directory_path"": ""C:/Users/jamie/Code/file-manager-new\\ExamDocumentManager/International Baccalaureate/Physics/HigherLevel/2016/M"", ""file_name"": ""markscheme-M-2016-P3-PH-HigherLevel"", ""original_file_name"": ""markscheme-M-2016-P3-PH-HigherLevel"", ""file_type"": ""markscheme"", ""file_extension"": ""pdf"", ""suffix"": """", ""numberid"": 0}}",{}
91d583c9-1d40-4979-be6c-7133dfdcd2e3,True,,2016,November,,1,Physics,HL,,0.0,0.0,,0,"{""7"": 0, ""6"": 0, ""5"": 0, ""4"": 0, ""3"": 0, ""2"": 0, ""1"": 0}",IB,"{""5ea23e6c-76ba-4f13-861e-d1ca82af3115"": {""id"": ""5ea23e6c-76ba-4f13-861e-d1ca82af3115"", ""directory_path"": ""C:/Users/jamie/Code/file-manager-new\\ExamDocumentManager/International Baccalaureate/Physics/HigherLevel/2016/N"", ""file_name"": ""questionpaper-N-2016-P1-PH-HigherLevel"", ""original_file_name"": ""questionpaper-N-2016-P1-PH-HigherLevel"", ""file_type"": ""questionpaper"", ""file_extension"": ""pdf"", ""suffix"": """", ""numberid"": 0}}","{""0c33d320-6d22-41b8-9496-534f2c155ba7"": {""id"": ""0c33d320-6d22-41b8-9496-534f2c155ba7"", ""directory_path"": ""C:/Users/jamie/Code/file-manager-new\\ExamDocumentManager/International Baccalaureate/Physics/HigherLevel/2016/N"", ""file_name"": ""markscheme-N-2016-P1-PH-HigherLevel"", ""original_file_name"": ""markscheme-N-2016-P1-PH-HigherLevel"", ""file_type"": ""markscheme"", ""file_extension"": ""pdf"", ""suffix"": """", ""numberid"": 0}}",{}
7ce69af9-8761-44b3-b6d9-4985fa8fa618,True,,2016,November,,2,Physics,HL,,0.0,0.0,,0,"{""7"": 0, ""6"": 0, ""5"": 0, ""4"": 0, ""3"": 0, ""2"": 0, ""1"": 0}",IB,"{""2aae2267-0285-4ac6-94ea-43db4e2516f2"": {""id"": ""2aae2267-0285-4ac6-94ea-43db4e2516f2"", ""directory_path"": ""C:/Users/jamie/Code/file-manager-new\\ExamDocumentManager/International Baccalaureate/Physics/HigherLevel/2016/N"", ""file_name"": ""questionpaper-N-2016-P2-PH-HigherLevel"", ""original_file_name"": ""questionpaper-N-2016-P2-PH-HigherLevel"", ""file_type"": ""questionpaper"", ""file_extension"": ""pdf"", ""suffix"": """", ""numberid"": 0}}","{""0798a50f-5248-4793-a2d5-3b3a539e7333"": {""id"": ""0798a50f-5248-4793-a2d5-3b3a539e7333"", ""directory_path"": ""C:/Users/jamie/Code/file-manager-new\\ExamDocumentManager/International Baccalaureate/Physics/HigherLevel/2016/N"", ""file_name"": ""markscheme-N-2016-P2-PH-HigherLevel"", ""original_file_name"": ""markscheme-N-2016-P2-PH-HigherLevel"", ""file_type"": ""markscheme"", ""file_extension"": ""pdf"", ""suffix"": """", ""numberid"": 0}}",{}
73c33637-a058-4243-b3a4-bd597cf1d990,True,,2016,November,,3,Physics,HL,,0.0,0.0,,0,"{""7"": 0, ""6"": 0, ""5"": 0, ""4"": 0, ""3"": 0, ""2"": 0, ""1"": 0}",IB,"{""227988d7-8556-4577-be63-203d21693e1d"": {""id"": ""227988d7-8556-4577-be63-203d21693e1d"", ""directory_path"": ""C:/Users/jamie/Code/file-manager-new\\ExamDocumentManager/International Baccalaureate/Physics/HigherLevel/2016/N"", ""file_name"": ""questionpaper-N-2016-P3-PH-HigherLevel"", ""original_file_name"": ""questionpaper-N-2016-P3-PH-HigherLevel"", ""file_type"": ""questionpaper"", ""file_extension"": ""pdf"", ""suffix"": """", ""numberid"": 0}}","{""70b0e4a5-67e3-413a-b55a-af79c6ffebea"": {""id"": ""70b0e4a5-67e3-413a-b55a-af79c6ffebea"", ""directory_path"": ""C:/Users/jamie/Code/file-manager-new\\ExamDocumentManager/International Baccalaureate/Physics/HigherLevel/2016/N"", ""file_name"": ""markscheme-N-2016-P3-PH-HigherLevel"", ""original_file_name"": ""markscheme-N-2016-P3-PH-HigherLevel"", ""file_type"": ""markscheme"", ""file_extension"": ""pdf"", ""suffix"": """", ""numberid"": 0}}",{}
b935b914-3fa4-4909-b4c7-ef45827bc979,True,,2017,May,1,1,Physics,HL,,0.0,0.0,,0,"{""7"": 0, ""6"": 0, ""5"": 0, ""4"": 0, ""3"": 0, ""2"": 0, ""1"": 0}",IB,"{""a32381d8-fb5e-43dd-81eb-d11f3bcdac2b"": {""id"": ""a32381d8-fb5e-43dd-81eb-d11f3bcdac2b"", ""directory_path"": ""C:/Users/jamie/Code/file-manager-new\\ExamDocumentManager/International Baccalaureate/Physics/HigherLevel/2017/M/TZ1"", ""file_name"": ""questionpaper-M-2017-TZ1-P1-PH-HigherLevel"", ""original_file_name"": ""questionpaper-M-2017-TZ1-P1-PH-HigherLevel"", ""file_type"": ""questionpaper"", ""file_extension"": ""pdf"", ""suffix"": """", ""numberid"": 0}}","{""4eacc8c6-572b-4c01-ba37-1bcb6d3fcc49"": {""id"": ""4eacc8c6-572b-4c01-ba37-1bcb6d3fcc49"", ""directory_path"": ""C:/Users/jamie/Code/file-manager-new\\ExamDocumentManager/International Baccalaureate/Physics/HigherLevel/2017/M/TZ1"", ""file_name"": ""markscheme-M-2017-TZ1-P1-PH-HigherLevel"", ""original_file_name"": ""markscheme-M-2017-TZ1-P1-PH-HigherLevel"", ""file_type"": ""markscheme"", ""file_extension"": ""pdf"", ""suffix"": """", ""numberid"": 0}}",{}
55a2e547-93d1-48d0-8164-0569a97cd695,True,,2017,May,2,1,Physics,HL,,0.0,0.0,,0,"{""7"": 0, ""6"": 0, ""5"": 0, ""4"": 0, ""3"": 0, ""2"": 0, ""1"": 0}",IB,"{""84816dc4-e7d5-486f-801a-5a02d9d4d57b"": {""id"": ""84816dc4-e7d5-486f-801a-5a02d9d4d57b"", ""directory_path"": ""C:/Users/jamie/Code/file-manager-new\\ExamDocumentManager/International Baccalaureate/Physics/HigherLevel/2017/M/TZ2"", ""file_name"": ""questionpaper-M-2017-TZ2-P1-PH-HigherLevel"", ""original_file_name"": ""questionpaper-M-2017-TZ2-P1-PH-HigherLevel"", ""file_type"": ""questionpaper"", ""file_extension"": ""pdf"", ""suffix"": """", ""numberid"": 0}}","{""86d1d8c3-9176-4d1e-ab6f-500668cbbc2a"": {""id"": ""86d1d8c3-9176-4d1e-ab6f-500668cbbc2a"", ""directory_path"": ""C:/Users/jamie/Code/file-manager-new\\ExamDocumentManager/International Baccalaureate/Physics/HigherLevel/2017/M/TZ2"", ""file_name"": ""markscheme-M-2017-TZ2-P1-PH-HigherLevel"", ""original_file_name"": ""markscheme-M-2017-TZ2-P1-PH-HigherLevel"", ""file_type"": ""markscheme"", ""file_extension"": ""pdf"", ""suffix"": """", ""numberid"": 0}}",{}
4372040c-64f3-41ba-822e-cd1f9e4f8464,True,,2017,May,1,2,Physics,HL,,0.0,0.0,,0,"{""7"": 0, ""6"": 0, ""5"": 0, ""4"": 0, ""3"": 0, ""2"": 0, ""1"": 0}",IB,"{""28ab9f79-8c08-4276-bb6b-56f1abc2451e"": {""id"": ""28ab9f79-8c08-4276-bb6b-56f1abc2451e"", ""directory_path"": ""C:/Users/jamie/Code/file-manager-new\\ExamDocumentManager/International Baccalaureate/Physics/HigherLevel/2017/M/TZ1"", ""file_name"": ""questionpaper-M-2017-TZ1-P2-PH-HigherLevel"", ""original_file_name"": ""questionpaper-M-2017-TZ1-P2-PH-HigherLevel"", ""file_type"": ""questionpaper"", ""file_extension"": ""pdf"", ""suffix"": """", ""numberid"": 0}}","{""5481c04f-23be-4f79-80c2-c64afd6df99f"": {""id"": ""5481c04f-23be-4f79-80c2-c64afd6df99f"", ""directory_path"": ""C:/Users/jamie/Code/file-manager-new\\ExamDocumentManager/International Baccalaureate/Physics/HigherLevel/2017/M/TZ1"", ""file_name"": ""markscheme-M-2017-TZ1-P2-PH-HigherLevel"", ""original_file_name"": ""markscheme-M-2017-TZ1-P2-PH-HigherLevel"", ""file_type"": ""markscheme"", ""file_extension"": ""pdf"", ""suffix"": """", ""numberid"": 0}}",{}
e1b76a35-8bf7-49da-a7fe-a797a7a4026d,True,,2017,May,2,2,Physics,HL,,0.0,0.0,,0,"{""7"": 0, ""6"": 0, ""5"": 0, ""4"": 0, ""3"": 0, ""2"": 0, ""1"": 0}",IB,"{""52646c44-9071-4b1f-9d70-53cd91534a56"": {""id"": ""52646c44-9071-4b1f-9d70-53cd91534a56"", ""directory_path"": ""C:/Users/jamie/Code/file-manager-new\\ExamDocumentManager/International Baccalaureate/Physics/HigherLevel/2017/M/TZ2"", ""file_name"": ""questionpaper-M-2017-TZ2-P2-PH-HigherLevel"", ""original_file_name"": ""questionpaper-M-2017-TZ2-P2-PH-HigherLevel"", ""file_type"": ""questionpaper"", ""file_extension"": ""pdf"", ""suffix"": """", ""numberid"": 0}}","{""00d576a2-e703-4b3e-a33c-710d2602664e"": {""id"": ""00d576a2-e703-4b3e-a33c-710d2602664e"", ""directory_path"": ""C:/Users/jamie/Code/file-manager-new\\ExamDocumentManager/International Baccalaureate/Physics/HigherLevel/2017/M/TZ2"", ""file_name"": ""markscheme-M-2017-TZ2-P2-PH-HigherLevel"", ""original_file_name"": ""markscheme-M-2017-TZ2-P2-PH-HigherLevel"", ""file_type"": ""markscheme"", ""file_extension"": ""pdf"", ""suffix"": """", ""numberid"": 0}}",{}
454fe251-c589-4bca-8a53-413e39d2745d,True,,2017,May,1,3,Physics,HL,,0.0,0.0,,0,"{""7"": 0, ""6"": 0, ""5"": 0, ""4"": 0, ""3"": 0, ""2"": 0, ""1"": 0}",IB,"{""14968169-215b-4914-afc7-775c941e1327"": {""id"": ""14968169-215b-4914-afc7-775c941e1327"", ""directory_path"": ""C:/Users/jamie/Code/file-manager-new\\ExamDocumentManager/International Baccalaureate/Physics/HigherLevel/2017/M/TZ1"", ""file_name"": ""questionpaper-M-2017-TZ1-P3-PH-HigherLevel"", ""original_file_name"": ""questionpaper-M-2017-TZ1-P3-PH-HigherLevel"", ""file_type"": ""questionpaper"", ""file_extension"": ""pdf"", ""suffix"": """", ""numberid"": 0}}","{""68ae765e-f22e-4fac-acdc-c33769dc0a1a"": {""id"": ""68ae765e-f22e-4fac-acdc-c33769dc0a1a"", ""directory_path"": ""C:/Users/jamie/Code/file-manager-new\\ExamDocumentManager/International Baccalaureate/Physics/HigherLevel/2017/M/TZ1"", ""file_name"": ""markscheme-M-2017-TZ1-P3-PH-HigherLevel"", ""original_file_name"": ""markscheme-M-2017-TZ1-P3-PH-HigherLevel"", ""file_type"": ""markscheme"", ""file_extension"": ""pdf"", ""suffix"": """", ""numberid"": 0}}",{}
bef5d664-520f-4169-992c-860f49e02597,True,,2017,May,2,3,Physics,HL,,0.0,0.0,,0,"{""7"": 0, ""6"": 0, ""5"": 0, ""4"": 0, ""3"": 0, ""2"": 0, ""1"": 0}",IB,"{""29adebbb-1544-4ef2-90c1-48b47e19ea7a"": {""id"": ""29adebbb-1544-4ef2-90c1-48b47e19ea7a"", ""directory_path"": ""C:/Users/jamie/Code/file-manager-new\\ExamDocumentManager/International Baccalaureate/Physics/HigherLevel/2017/M/TZ2"", ""file_name"": ""questionpaper-M-2017-TZ2-P3-PH-HigherLevel"", ""original_file_name"": ""questionpaper-M-2017-TZ2-P3-PH-HigherLevel"", ""file_type"": ""questionpaper"", ""file_extension"": ""pdf"", ""suffix"": """", ""numberid"": 0}}","{""e921fe8c-e323-4abd-984b-e8cc75b5f7d8"": {""id"": ""e921fe8c-e323-4abd-984b-e8cc75b5f7d8"", ""directory_path"": ""C:/Users/jamie/Code/file-manager-new\\ExamDocumentManager/International Baccalaureate/Physics/HigherLevel/2017/M/TZ2"", ""file_name"": ""markscheme-M-2017-TZ2-P3-PH-HigherLevel"", ""original_file_name"": ""markscheme-M-2017-TZ2-P3-PH-HigherLevel"", ""file_type"": ""markscheme"", ""file_extension"": ""pdf"", ""suffix"": """", ""numberid"": 0}}",{}
41d95633-3607-42db-9269-725aa077e6c1,True,,2017,November,,1,Physics,HL,,0.0,0.0,,0,"{""7"": 0, ""6"": 0, ""5"": 0, ""4"": 0, ""3"": 0, ""2"": 0, ""1"": 0}",IB,"{""89308a41-14d3-4521-bbd5-ffe007f1b0a4"": {""id"": ""89308a41-14d3-4521-bbd5-ffe007f1b0a4"", ""directory_path"": ""C:/Users/jamie/Code/file-manager-new\\ExamDocumentManager/International Baccalaureate/Physics/HigherLevel/2017/N"", ""file_name"": ""questionpaper-N-2017-P1-PH-HigherLevel"", ""original_file_name"": ""questionpaper-N-2017-P1-PH-HigherLevel"", ""file_type"": ""questionpaper"", ""file_extension"": ""pdf"", ""suffix"": """", ""numberid"": 0}}","{""3f0d98a2-7791-411e-9cce-fa5582706295"": {""id"": ""3f0d98a2-7791-411e-9cce-fa5582706295"", ""directory_path"": ""C:/Users/jamie/Code/file-manager-new\\ExamDocumentManager/International Baccalaureate/Physics/HigherLevel/2017/N"", ""file_name"": ""markscheme-N-2017-P1-PH-HigherLevel"", ""original_file_name"": ""markscheme-N-2017-P1-PH-HigherLevel"", ""file_type"": ""markscheme"", ""file_extension"": ""pdf"", ""suffix"": """", ""numberid"": 0}}",{}
02d98f97-9aad-44fd-ae25-83c71d786103,True,,2017,November,,2,Physics,HL,,0.0,0.0,,0,"{""7"": 0, ""6"": 0, ""5"": 0, ""4"": 0, ""3"": 0, ""2"": 0, ""1"": 0}",IB,"{""d401f2c4-04e3-4f3d-ba2f-c2be9c0e1af4"": {""id"": ""d401f2c4-04e3-4f3d-ba2f-c2be9c0e1af4"", ""directory_path"": ""C:/Users/jamie/Code/file-manager-new\\ExamDocumentManager/International Baccalaureate/Physics/HigherLevel/2017/N"", ""file_name"": ""questionpaper-N-2017-P2-PH-HigherLevel"", ""original_file_name"": ""questionpaper-N-2017-P2-PH-HigherLevel"", ""file_type"": ""questionpaper"", ""file_extension"": ""pdf"", ""suffix"": """", ""numberid"": 0}}","{""74b07205-ad64-4c2b-9ff9-f6f52e5d7f44"": {""id"": ""74b07205-ad64-4c2b-9ff9-f6f52e5d7f44"", ""directory_path"": ""C:/Users/jamie/Code/file-manager-new\\ExamDocumentManager/International Baccalaureate/Physics/HigherLevel/2017/N"", ""file_name"": ""markscheme-N-2017-P2-PH-HigherLevel"", ""original_file_name"": ""markscheme-N-2017-P2-PH-HigherLevel"", ""file_type"": ""markscheme"", ""file_extension"": ""pdf"", ""suffix"": """", ""numberid"": 0}}",{}
f4882192-2ce5-4de0-aea0-5eade9f76ce5,True,,2017,November,,3,Physics,HL,,0.0,0.0,,0,"{""7"": 0, ""6"": 0, ""5"": 0, ""4"": 0, ""3"": 0, ""2"": 0, ""1"": 0}",IB,"{""a33034a4-8856-47ac-aacf-0763c22ee3f7"": {""id"": ""a33034a4-8856-47ac-aacf-0763c22ee3f7"", ""directory_path"": ""C:/Users/jamie/Code/file-manager-new\\ExamDocumentManager/International Baccalaureate/Physics/HigherLevel/2017/N"", ""file_name"": ""questionpaper-N-2017-P3-PH-HigherLevel"", ""original_file_name"": ""questionpaper-N-2017-P3-PH-HigherLevel"", ""file_type"": ""questionpaper"", ""file_extension"": ""pdf"", ""suffix"": """", ""numberid"": 0}}","{""b8472b74-fa51-4ab4-b4af-8889eefd30a2"": {""id"": ""b8472b74-fa51-4ab4-b4af-8889eefd30a2"", ""directory_path"": ""C:/Users/jamie/Code/file-manager-new\\ExamDocumentManager/International Baccalaureate/Physics/HigherLevel/2017/N"", ""file_name"": ""markscheme-N-2017-P3-PH-HigherLevel"", ""original_file_name"": ""markscheme-N-2017-P3-PH-HigherLevel"", ""file_type"": ""markscheme"", ""file_extension"": ""pdf"", ""suffix"": """", ""numberid"": 0}}",{}
75344f7a-e92f-4855-8268-73f04fa59254,True,,2018,May,1,1,Physics,HL,,0.0,0.0,,0,"{""7"": 0, ""6"": 0, ""5"": 0, ""4"": 0, ""3"": 0, ""2"": 0, ""1"": 0}",IB,"{""fa2e2f4c-0d5e-422e-a81c-873add667ed5"": {""id"": ""fa2e2f4c-0d5e-422e-a81c-873add667ed5"", ""directory_path"": ""C:/Users/jamie/Code/file-manager-new\\ExamDocumentManager/International Baccalaureate/Physics/HigherLevel/2018/M/TZ1"", ""file_name"": ""questionpaper-M-2018-TZ1-P1-PH-HigherLevel"", ""original_file_name"": ""questionpaper-M-2018-TZ1-P1-PH-HigherLevel"", ""file_type"": ""questionpaper"", ""file_extension"": ""pdf"", ""suffix"": """", ""numberid"": 0}}","{""6685228d-9d6e-4fcf-91c7-aa455465cfca"": {""id"": ""6685228d-9d6e-4fcf-91c7-aa455465cfca"", ""directory_path"": ""C:/Users/jamie/Code/file-manager-new\\ExamDocumentManager/International Baccalaureate/Physics/HigherLevel/2018/M/TZ1"", ""file_name"": ""markscheme-M-2018-TZ1-P1-PH-HigherLevel"", ""original_file_name"": ""markscheme-M-2018-TZ1-P1-PH-HigherLevel"", ""file_type"": ""markscheme"", ""file_extension"": ""pdf"", ""suffix"": """", ""numberid"": 0}}",{}
1a671031-db8e-478d-9399-4a3cc1aa53fd,True,,2018,May,2,1,Physics,HL,,0.0,0.0,,0,"{""7"": 0, ""6"": 0, ""5"": 0, ""4"": 0, ""3"": 0, ""2"": 0, ""1"": 0}",IB,"{""ccd94a71-f599-4d0d-bc5b-169ed82af656"": {""id"": ""ccd94a71-f599-4d0d-bc5b-169ed82af656"", ""directory_path"": ""C:/Users/jamie/Code/file-manager-new\\ExamDocumentManager/International Baccalaureate/Physics/HigherLevel/2018/M/TZ2"", ""file_name"": ""questionpaper-M-2018-TZ2-P1-PH-HigherLevel"", ""original_file_name"": ""questionpaper-M-2018-TZ2-P1-PH-HigherLevel"", ""file_type"": ""questionpaper"", ""file_extension"": ""pdf"", ""suffix"": """", ""numberid"": 0}}","{""d4525316-04c0-4aed-a2a3-51f57f31c802"": {""id"": ""d4525316-04c0-4aed-a2a3-51f57f31c802"", ""directory_path"": ""C:/Users/jamie/Code/file-manager-new\\ExamDocumentManager/International Baccalaureate/Physics/HigherLevel/2018/M/TZ2"", ""file_name"": ""markscheme-M-2018-TZ2-P1-PH-HigherLevel"", ""original_file_name"": ""markscheme-M-2018-TZ2-P1-PH-HigherLevel"", ""file_type"": ""markscheme"", ""file_extension"": ""pdf"", ""suffix"": """", ""numberid"": 0}}",{}
9c0caf42-e920-417b-b4a8-6a7eb3dd7194,True,,2018,May,1,2,Physics,HL,,0.0,0.0,,0,"{""7"": 0, ""6"": 0, ""5"": 0, ""4"": 0, ""3"": 0, ""2"": 0, ""1"": 0}",IB,"{""e0de4b8d-77a8-4664-8cb1-d76697ab9aee"": {""id"": ""e0de4b8d-77a8-4664-8cb1-d76697ab9aee"", ""directory_path"": ""C:/Users/jamie/Code/file-manager-new\\ExamDocumentManager/International Baccalaureate/Physics/HigherLevel/2018/M/TZ1"", ""file_name"": ""questionpaper-M-2018-TZ1-P2-PH-HigherLevel"", ""original_file_name"": ""questionpaper-M-2018-TZ1-P2-PH-HigherLevel"", ""file_type"": ""questionpaper"", ""file_extension"": ""pdf"", ""suffix"": """", ""numberid"": 0}}","{""2eccc98c-88be-4f7f-a5d0-ee004235b59b"": {""id"": ""2eccc98c-88be-4f7f-a5d0-ee004235b59b"", ""directory_path"": ""C:/Users/jamie/Code/file-manager-new\\ExamDocumentManager/International Baccalaureate/Physics/HigherLevel/2018/M/TZ1"", ""file_name"": ""markscheme-M-2018-TZ1-P2-PH-HigherLevel"", ""original_file_name"": ""markscheme-M-2018-TZ1-P2-PH-HigherLevel"", ""file_type"": ""markscheme"", ""file_extension"": ""pdf"", ""suffix"": """", ""numberid"": 0}}",{}
1f133a7f-4fc7-4c26-b04e-5ff544bd7f57,True,,2018,May,2,2,Physics,HL,,0.0,0.0,,0,"{""7"": 0, ""6"": 0, ""5"": 0, ""4"": 0, ""3"": 0, ""2"": 0, ""1"": 0}",IB,"{""fe54cbf2-4632-40b3-ba64-5bfba3cf8aaa"": {""id"": ""fe54cbf2-4632-40b3-ba64-5bfba3cf8aaa"", ""directory_path"": ""C:/Users/jamie/Code/file-manager-new\\ExamDocumentManager/International Baccalaureate/Physics/HigherLevel/2018/M/TZ2"", ""file_name"": ""questionpaper-M-2018-TZ2-P2-PH-HigherLevel"", ""original_file_name"": ""questionpaper-M-2018-TZ2-P2-PH-HigherLevel"", ""file_type"": ""questionpaper"", ""file_extension"": ""pdf"", ""suffix"": """", ""numberid"": 0}}","{""b479a3ec-0fd6-449e-b4d0-149beee9f5b6"": {""id"": ""b479a3ec-0fd6-449e-b4d0-149beee9f5b6"", ""directory_path"": ""C:/Users/jamie/Code/file-manager-new\\ExamDocumentManager/International Baccalaureate/Physics/HigherLevel/2018/M/TZ2"", ""file_name"": ""markscheme-M-2018-TZ2-P2-PH-HigherLevel"", ""original_file_name"": ""markscheme-M-2018-TZ2-P2-PH-HigherLevel"", ""file_type"": ""markscheme"", ""file_extension"": ""pdf"", ""suffix"": """", ""numberid"": 0}}",{}
77d7158c-ade3-4fbd-832e-e30cb28c408b,True,,2018,May,1,3,Physics,HL,,0.0,0.0,,0,"{""7"": 0, ""6"": 0, ""5"": 0, ""4"": 0, ""3"": 0, ""2"": 0, ""1"": 0}",IB,"{""8650180f-61fc-4d5f-85b1-9ed320c35f69"": {""id"": ""8650180f-61fc-4d5f-85b1-9ed320c35f69"", ""directory_path"": ""C:/Users/jamie/Code/file-manager-new\\ExamDocumentManager/International Baccalaureate/Physics/HigherLevel/2018/M/TZ1"", ""file_name"": ""questionpaper-M-2018-TZ1-P3-PH-HigherLevel"", ""original_file_name"": ""questionpaper-M-2018-TZ1-P3-PH-HigherLevel"", ""file_type"": ""questionpaper"", ""file_extension"": ""pdf"", ""suffix"": """", ""numberid"": 0}}","{""34c9cec9-e983-4895-aca0-37778b5f44cd"": {""id"": ""34c9cec9-e983-4895-aca0-37778b5f44cd"", ""directory_path"": ""C:/Users/jamie/Code/file-manager-new\\ExamDocumentManager/International Baccalaureate/Physics/HigherLevel/2018/M/TZ1"", ""file_name"": ""markscheme-M-2018-TZ1-P3-PH-HigherLevel"", ""original_file_name"": ""markscheme-M-2018-TZ1-P3-PH-HigherLevel"", ""file_type"": ""markscheme"", ""file_extension"": ""pdf"", ""suffix"": """", ""numberid"": 0}}",{}
0be04e71-9119-423c-9e45-8dff5acd8396,True,,2018,May,2,3,Physics,HL,,0.0,0.0,,0,"{""7"": 0, ""6"": 0, ""5"": 0, ""4"": 0, ""3"": 0, ""2"": 0, ""1"": 0}",IB,"{""a24ebf11-0786-4f83-8dec-40424a8cae6a"": {""id"": ""a24ebf11-0786-4f83-8dec-40424a8cae6a"", ""directory_path"": ""C:/Users/jamie/Code/file-manager-new\\ExamDocumentManager/International Baccalaureate/Physics/HigherLevel/2018/M/TZ2"", ""file_name"": ""questionpaper-M-2018-TZ2-P3-PH-HigherLevel"", ""original_file_name"": ""questionpaper-M-2018-TZ2-P3-PH-HigherLevel"", ""file_type"": ""questionpaper"", ""file_extension"": ""pdf"", ""suffix"": """", ""numberid"": 0}}","{""9730c9f1-01c2-4734-84a2-3a4f7d678a3f"": {""id"": ""9730c9f1-01c2-4734-84a2-3a4f7d678a3f"", ""directory_path"": ""C:/Users/jamie/Code/file-manager-new\\ExamDocumentManager/International Baccalaureate/Physics/HigherLevel/2018/M/TZ2"", ""file_name"": ""markscheme-M-2018-TZ2-P3-PH-HigherLevel"", ""original_file_name"": ""markscheme-M-2018-TZ2-P3-PH-HigherLevel"", ""file_type"": ""markscheme"", ""file_extension"": ""pdf"", ""suffix"": """", ""numberid"": 0}}",{}
1ec0346d-c72f-468c-9d7d-01abb95f9405,True,,2018,November,,1,Physics,HL,,0.0,0.0,,0,"{""7"": 0, ""6"": 0, ""5"": 0, ""4"": 0, ""3"": 0, ""2"": 0, ""1"": 0}",IB,"{""b83930ca-c780-421e-8140-cc4eec0aa14d"": {""id"": ""b83930ca-c780-421e-8140-cc4eec0aa14d"", ""directory_path"": ""C:/Users/jamie/Code/file-manager-new\\ExamDocumentManager/International Baccalaureate/Physics/HigherLevel/2018/N"", ""file_name"": ""questionpaper-N-2018-P1-PH-HigherLevel"", ""original_file_name"": ""questionpaper-N-2018-P1-PH-HigherLevel"", ""file_type"": ""questionpaper"", ""file_extension"": ""pdf"", ""suffix"": """", ""numberid"": 0}}","{""52c0e2f3-9676-4397-98aa-9acc5e4a8c48"": {""id"": ""52c0e2f3-9676-4397-98aa-9acc5e4a8c48"", ""directory_path"": ""C:/Users/jamie/Code/file-manager-new\\ExamDocumentManager/International Baccalaureate/Physics/HigherLevel/2018/N"", ""file_name"": ""markscheme-N-2018-P1-PH-HigherLevel"", ""original_file_name"": ""markscheme-N-2018-P1-PH-HigherLevel"", ""file_type"": ""markscheme"", ""file_extension"": ""pdf"", ""suffix"": """", ""numberid"": 0}}",{}
ccc291e6-5307-4c5d-8ed3-2e7cf5476a61,True,,2018,November,,2,Physics,HL,,0.0,0.0,,0,"{""7"": 0, ""6"": 0, ""5"": 0, ""4"": 0, ""3"": 0, ""2"": 0, ""1"": 0}",IB,"{""df552f8d-3fe8-4184-ba72-a6dd06ef5cc1"": {""id"": ""df552f8d-3fe8-4184-ba72-a6dd06ef5cc1"", ""directory_path"": ""C:/Users/jamie/Code/file-manager-new\\ExamDocumentManager/International Baccalaureate/Physics/HigherLevel/2018/N"", ""file_name"": ""questionpaper-N-2018-P2-PH-HigherLevel"", ""original_file_name"": ""questionpaper-N-2018-P2-PH-HigherLevel"", ""file_type"": ""questionpaper"", ""file_extension"": ""pdf"", ""suffix"": """", ""numberid"": 0}}","{""f2d5265d-3cac-42e8-a171-d7d8b7c932e8"": {""id"": ""f2d5265d-3cac-42e8-a171-d7d8b7c932e8"", ""directory_path"": ""C:/Users/jamie/Code/file-manager-new\\ExamDocumentManager/International Baccalaureate/Physics/HigherLevel/2018/N"", ""file_name"": ""markscheme-N-2018-P2-PH-HigherLevel"", ""original_file_name"": ""markscheme-N-2018-P2-PH-HigherLevel"", ""file_type"": ""markscheme"", ""file_extension"": ""pdf"", ""suffix"": """", ""numberid"": 0}}",{}
000c0212-08e9-49c6-870a-9e4c0f9091b5,True,,2018,November,,3,Physics,HL,,0.0,0.0,,0,"{""7"": 0, ""6"": 0, ""5"": 0, ""4"": 0, ""3"": 0, ""2"": 0, ""1"": 0}",IB,"{""de987f59-c69e-483e-bb29-fd782db69217"": {""id"": ""de987f59-c69e-483e-bb29-fd782db69217"", ""directory_path"": ""C:/Users/jamie/Code/file-manager-new\\ExamDocumentManager/International Baccalaureate/Physics/HigherLevel/2018/N"", ""file_name"": ""questionpaper-N-2018-P3-PH-HigherLevel"", ""original_file_name"": ""questionpaper-N-2018-P3-PH-HigherLevel"", ""file_type"": ""questionpaper"", ""file_extension"": ""pdf"", ""suffix"": """", ""numberid"": 0}}","{""dce7360c-e047-4bff-bced-b8f87130343d"": {""id"": ""dce7360c-e047-4bff-bced-b8f87130343d"", ""directory_path"": ""C:/Users/jamie/Code/file-manager-new\\ExamDocumentManager/International Baccalaureate/Physics/HigherLevel/2018/N"", ""file_name"": ""markscheme-N-2018-P3-PH-HigherLevel"", ""original_file_name"": ""markscheme-N-2018-P3-PH-HigherLevel"", ""file_type"": ""markscheme"", ""file_extension"": ""pdf"", ""suffix"": """", ""numberid"": 0}}",{}
19bfec92-ea44-4c5b-aaec-58812ee90466,True,,2019,May,1,1,Physics,HL,,0.0,0.0,,0,"{""7"": 0, ""6"": 0, ""5"": 0, ""4"": 0, ""3"": 0, ""2"": 0, ""1"": 0}",IB,"{""948f87d8-2c7d-45aa-a332-03eae2db1a24"": {""id"": ""948f87d8-2c7d-45aa-a332-03eae2db1a24"", ""directory_path"": ""C:/Users/jamie/Code/file-manager-new\\ExamDocumentManager/International Baccalaureate/Physics/HigherLevel/2019/M/TZ1"", ""file_name"": ""questionpaper-M-2019-TZ1-P1-PH-HigherLevel"", ""original_file_name"": ""questionpaper-M-2019-TZ1-P1-PH-HigherLevel"", ""file_type"": ""questionpaper"", ""file_extension"": ""pdf"", ""suffix"": """", ""numberid"": 0}}","{""7fdf14f9-a24b-4928-b035-7567310650a9"": {""id"": ""7fdf14f9-a24b-4928-b035-7567310650a9"", ""directory_path"": ""C:/Users/jamie/Code/file-manager-new\\ExamDocumentManager/International Baccalaureate/Physics/HigherLevel/2019/M/TZ1"", ""file_name"": ""markscheme-M-2019-TZ1-P1-PH-HigherLevel"", ""original_file_name"": ""markscheme-M-2019-TZ1-P1-PH-HigherLevel"", ""file_type"": ""markscheme"", ""file_extension"": ""pdf"", ""suffix"": """", ""numberid"": 0}}",{}
b1aebbcb-90a5-44c7-bcf0-d86c30a47fcc,True,,2019,May,2,1,Physics,HL,,0.0,0.0,,0,"{""7"": 0, ""6"": 0, ""5"": 0, ""4"": 0, ""3"": 0, ""2"": 0, ""1"": 0}",IB,"{""124aafbc-acc9-4a6b-ac68-a32ac1260af4"": {""id"": ""124aafbc-acc9-4a6b-ac68-a32ac1260af4"", ""directory_path"": ""C:/Users/jamie/Code/file-manager-new\\ExamDocumentManager/International Baccalaureate/Physics/HigherLevel/2019/M/TZ2"", ""file_name"": ""questionpaper-M-2019-TZ2-P1-PH-HigherLevel"", ""original_file_name"": ""questionpaper-M-2019-TZ2-P1-PH-HigherLevel"", ""file_type"": ""questionpaper"", ""file_extension"": ""pdf"", ""suffix"": """", ""numberid"": 0}}","{""a85f3e9b-8a9f-4113-bae4-829a24978bdc"": {""id"": ""a85f3e9b-8a9f-4113-bae4-829a24978bdc"", ""directory_path"": ""C:/Users/jamie/Code/file-manager-new\\ExamDocumentManager/International Baccalaureate/Physics/HigherLevel/2019/M/TZ2"", ""file_name"": ""markscheme-M-2019-TZ2-P1-PH-HigherLevel"", ""original_file_name"": ""markscheme-M-2019-TZ2-P1-PH-HigherLevel"", ""file_type"": ""markscheme"", ""file_extension"": ""pdf"", ""suffix"": """", ""numberid"": 0}}",{}
08665258-eb29-400f-acc1-1269b94fb00a,True,,2019,May,1,2,Physics,HL,,0.0,0.0,,0,"{""7"": 0, ""6"": 0, ""5"": 0, ""4"": 0, ""3"": 0, ""2"": 0, ""1"": 0}",IB,"{""3c34fa4d-5d7e-4d94-8f85-38cb2312bc2e"": {""id"": ""3c34fa4d-5d7e-4d94-8f85-38cb2312bc2e"", ""directory_path"": ""C:/Users/jamie/Code/file-manager-new\\ExamDocumentManager/International Baccalaureate/Physics/HigherLevel/2019/M/TZ1"", ""file_name"": ""questionpaper-M-2019-TZ1-P2-PH-HigherLevel"", ""original_file_name"": ""questionpaper-M-2019-TZ1-P2-PH-HigherLevel"", ""file_type"": ""questionpaper"", ""file_extension"": ""pdf"", ""suffix"": """", ""numberid"": 0}}","{""2e6673c9-dbac-4819-b381-6643d20ebcfe"": {""id"": ""2e6673c9-dbac-4819-b381-6643d20ebcfe"", ""directory_path"": ""C:/Users/jamie/Code/file-manager-new\\ExamDocumentManager/International Baccalaureate/Physics/HigherLevel/2019/M/TZ1"", ""file_name"": ""markscheme-M-2019-TZ1-P2-PH-HigherLevel"", ""original_file_name"": ""markscheme-M-2019-TZ1-P2-PH-HigherLevel"", ""file_type"": ""markscheme"", ""file_extension"": ""pdf"", ""suffix"": """", ""numberid"": 0}}",{}
d326c1c0-b928-4e02-aca9-a325601becc3,True,,2019,May,2,2,Physics,HL,,0.0,0.0,,0,"{""7"": 0, ""6"": 0, ""5"": 0, ""4"": 0, ""3"": 0, ""2"": 0, ""1"": 0}",IB,"{""4cd92723-9b5a-49f0-ad4f-84f37af221fd"": {""id"": ""4cd92723-9b5a-49f0-ad4f-84f37af221fd"", ""directory_path"": ""C:/Users/jamie/Code/file-manager-new\\ExamDocumentManager/International Baccalaureate/Physics/HigherLevel/2019/M/TZ2"", ""file_name"": ""questionpaper-M-2019-TZ2-P2-PH-HigherLevel"", ""original_file_name"": ""questionpaper-M-2019-TZ2-P2-PH-HigherLevel"", ""file_type"": ""questionpaper"", ""file_extension"": ""pdf"", ""suffix"": """", ""numberid"": 0}}","{""19b2cdf2-ab2d-4eba-b837-43ee80b9c5b1"": {""id"": ""19b2cdf2-ab2d-4eba-b837-43ee80b9c5b1"", ""directory_path"": ""C:/Users/jamie/Code/file-manager-new\\ExamDocumentManager/International Baccalaureate/Physics/HigherLevel/2019/M/TZ2"", ""file_name"": ""markscheme-M-2019-TZ2-P2-PH-HigherLevel"", ""original_file_name"": ""markscheme-M-2019-TZ2-P2-PH-HigherLevel"", ""file_type"": ""markscheme"", ""file_extension"": ""pdf"", ""suffix"": """", ""numberid"": 0}}",{}
df47b61d-458e-4624-a167-a400d8fb3a6d,True,,2019,May,1,3,Physics,HL,,0.0,0.0,,0,"{""7"": 0, ""6"": 0, ""5"": 0, ""4"": 0, ""3"": 0, ""2"": 0, ""1"": 0}",IB,"{""569d4eae-1d77-4149-9b13-b1310101369b"": {""id"": ""569d4eae-1d77-4149-9b13-b1310101369b"", ""directory_path"": ""C:/Users/jamie/Code/file-manager-new\\ExamDocumentManager/International Baccalaureate/Physics/HigherLevel/2019/M/TZ1"", ""file_name"": ""questionpaper-M-2019-TZ1-P3-PH-HigherLevel"", ""original_file_name"": ""questionpaper-M-2019-TZ1-P3-PH-HigherLevel"", ""file_type"": ""questionpaper"", ""file_extension"": ""pdf"", ""suffix"": """", ""numberid"": 0}}","{""05b30307-0fa9-4799-95c1-ee606e46fefc"": {""id"": ""05b30307-0fa9-4799-95c1-ee606e46fefc"", ""directory_path"": ""C:/Users/jamie/Code/file-manager-new\\ExamDocumentManager/International Baccalaureate/Physics/HigherLevel/2019/M/TZ1"", ""file_name"": ""markscheme-M-2019-TZ1-P3-PH-HigherLevel"", ""original_file_name"": ""markscheme-M-2019-TZ1-P3-PH-HigherLevel"", ""file_type"": ""markscheme"", ""file_extension"": ""pdf"", ""suffix"": """", ""numberid"": 0}}",{}
8ae9bc05-d294-40a3-91fb-1ab31d2a5cf6,True,,2019,May,2,3,Physics,HL,,0.0,0.0,,0,"{""7"": 0, ""6"": 0, ""5"": 0, ""4"": 0, ""3"": 0, ""2"": 0, ""1"": 0}",IB,"{""c9bc2c1e-01aa-4d0c-ba52-b0d27475f9aa"": {""id"": ""c9bc2c1e-01aa-4d0c-ba52-b0d27475f9aa"", ""directory_path"": ""C:/Users/jamie/Code/file-manager-new\\ExamDocumentManager/International Baccalaureate/Physics/HigherLevel/2019/M/TZ2"", ""file_name"": ""questionpaper-M-2019-TZ2-P3-PH-HigherLevel"", ""original_file_name"": ""questionpaper-M-2019-TZ2-P3-PH-HigherLevel"", ""file_type"": ""questionpaper"", ""file_extension"": ""pdf"", ""suffix"": """", ""numberid"": 0}}","{""a38fa907-37c2-4307-981d-378f3d3b9169"": {""id"": ""a38fa907-37c2-4307-981d-378f3d3b9169"", ""directory_path"": ""C:/Users/jamie/Code/file-manager-new\\ExamDocumentManager/International Baccalaureate/Physics/HigherLevel/2019/M/TZ2"", ""file_name"": ""markscheme-M-2019-TZ2-P3-PH-HigherLevel"", ""original_file_name"": ""markscheme-M-2019-TZ2-P3-PH-HigherLevel"", ""file_type"": ""markscheme"", ""file_extension"": ""pdf"", ""suffix"": """", ""numberid"": 0}}",{}
751fd1aa-b9e0-41b4-a893-140356700753,True,,2019,November,,1,Physics,HL,,0.0,0.0,,0,"{""7"": 0, ""6"": 0, ""5"": 0, ""4"": 0, ""3"": 0, ""2"": 0, ""1"": 0}",IB,"{""7ccb1d6f-cde0-4358-89dc-83112c5f6264"": {""id"": ""7ccb1d6f-cde0-4358-89dc-83112c5f6264"", ""directory_path"": ""C:/Users/jamie/Code/file-manager-new\\ExamDocumentManager/International Baccalaureate/Physics/HigherLevel/2019/N"", ""file_name"": ""questionpaper-N-2019-P1-PH-HigherLevel"", ""original_file_name"": ""questionpaper-N-2019-P1-PH-HigherLevel"", ""file_type"": ""questionpaper"", ""file_extension"": ""pdf"", ""suffix"": """", ""numberid"": 0}}","{""87f65feb-194b-4834-a851-aa1cb7d41901"": {""id"": ""87f65feb-194b-4834-a851-aa1cb7d41901"", ""directory_path"": ""C:/Users/jamie/Code/file-manager-new\\ExamDocumentManager/International Baccalaureate/Physics/HigherLevel/2019/N"", ""file_name"": ""markscheme-N-2019-P1-PH-HigherLevel"", ""original_file_name"": ""markscheme-N-2019-P1-PH-HigherLevel"", ""file_type"": ""markscheme"", ""file_extension"": ""pdf"", ""suffix"": """", ""numberid"": 0}}",{}
1c0a49a6-a774-4f82-a767-3a883af6e289,True,,2019,November,,2,Physics,HL,,0.0,0.0,,0,"{""7"": 0, ""6"": 0, ""5"": 0, ""4"": 0, ""3"": 0, ""2"": 0, ""1"": 0}",IB,"{""ea493ea7-443a-4a13-888b-d5c941da4c41"": {""id"": ""ea493ea7-443a-4a13-888b-d5c941da4c41"", ""directory_path"": ""C:/Users/jamie/Code/file-manager-new\\ExamDocumentManager/International Baccalaureate/Physics/HigherLevel/2019/N"", ""file_name"": ""questionpaper-N-2019-P2-PH-HigherLevel"", ""original_file_name"": ""questionpaper-N-2019-P2-PH-HigherLevel"", ""file_type"": ""questionpaper"", ""file_extension"": ""pdf"", ""suffix"": """", ""numberid"": 0}}","{""c9e0a26b-8647-4ae3-8394-5f042aed1cfb"": {""id"": ""c9e0a26b-8647-4ae3-8394-5f042aed1cfb"", ""directory_path"": ""C:/Users/jamie/Code/file-manager-new\\ExamDocumentManager/International Baccalaureate/Physics/HigherLevel/2019/N"", ""file_name"": ""markscheme-N-2019-P2-PH-HigherLevel"", ""original_file_name"": ""markscheme-N-2019-P2-PH-HigherLevel"", ""file_type"": ""markscheme"", ""file_extension"": ""pdf"", ""suffix"": """", ""numberid"": 0}}",{}
af29e0d5-2175-47ea-82f3-fa49238e5330,True,,2019,November,,3,Physics,HL,,0.0,0.0,,0,"{""7"": 0, ""6"": 0, ""5"": 0, ""4"": 0, ""3"": 0, ""2"": 0, ""1"": 0}",IB,"{""651c54d7-b097-442b-a1e3-491bdaa3118c"": {""id"": ""651c54d7-b097-442b-a1e3-491bdaa3118c"", ""directory_path"": ""C:/Users/jamie/Code/file-manager-new\\ExamDocumentManager/International Baccalaureate/Physics/HigherLevel/2019/N"", ""file_name"": ""questionpaper-N-2019-P3-PH-HigherLevel"", ""original_file_name"": ""questionpaper-N-2019-P3-PH-HigherLevel"", ""file_type"": ""questionpaper"", ""file_extension"": ""pdf"", ""suffix"": """", ""numberid"": 0}}","{""b2966095-2b05-43fa-82e1-9e7c0f08149c"": {""id"": ""b2966095-2b05-43fa-82e1-9e7c0f08149c"", ""directory_path"": ""C:/Users/jamie/Code/file-manager-new\\ExamDocumentManager/International Baccalaureate/Physics/HigherLevel/2019/N"", ""file_name"": ""markscheme-N-2019-P3-PH-HigherLevel"", ""original_file_name"": ""markscheme-N-2019-P3-PH-HigherLevel"", ""file_type"": ""markscheme"", ""file_extension"": ""pdf"", ""suffix"": """", ""numberid"": 0}}",{}
5fdf8305-4e4d-4984-8335-c76058e496d6,True,,2020,November,,1,Physics,HL,,0.0,0.0,,0,"{""7"": 0, ""6"": 0, ""5"": 0, ""4"": 0, ""3"": 0, ""2"": 0, ""1"": 0}",IB,"{""0ca84709-f385-4aa2-b26e-d449041ef151"": {""id"": ""0ca84709-f385-4aa2-b26e-d449041ef151"", ""directory_path"": ""C:/Users/jamie/Code/file-manager-new\\ExamDocumentManager/International Baccalaureate/Physics/HigherLevel/2020/N"", ""file_name"": ""questionpaper-N-2020-P1-PH-HigherLevel"", ""original_file_name"": ""questionpaper-N-2020-P1-PH-HigherLevel"", ""file_type"": ""questionpaper"", ""file_extension"": ""pdf"", ""suffix"": """", ""numberid"": 0}}","{""d207a99f-405e-4dc6-96a2-14c515b9adcf"": {""id"": ""d207a99f-405e-4dc6-96a2-14c515b9adcf"", ""directory_path"": ""C:/Users/jamie/Code/file-manager-new\\ExamDocumentManager/International Baccalaureate/Physics/HigherLevel/2020/N"", ""file_name"": ""markscheme-N-2020-P1-PH-HigherLevel"", ""original_file_name"": ""markscheme-N-2020-P1-PH-HigherLevel"", ""file_type"": ""markscheme"", ""file_extension"": ""pdf"", ""suffix"": """", ""numberid"": 0}}",{}
75d1bc1f-2821-4363-b280-d79d8fba7b17,True,,2020,November,,2,Physics,HL,,0.0,0.0,,0,"{""7"": 0, ""6"": 0, ""5"": 0, ""4"": 0, ""3"": 0, ""2"": 0, ""1"": 0}",IB,"{""3729fe8f-c45c-4206-8d33-59a53478f4c9"": {""id"": ""3729fe8f-c45c-4206-8d33-59a53478f4c9"", ""directory_path"": ""C:/Users/jamie/Code/file-manager-new\\ExamDocumentManager/International Baccalaureate/Physics/HigherLevel/2020/N"", ""file_name"": ""questionpaper-N-2020-P2-PH-HigherLevel"", ""original_file_name"": ""questionpaper-N-2020-P2-PH-HigherLevel"", ""file_type"": ""questionpaper"", ""file_extension"": ""pdf"", ""suffix"": """", ""numberid"": 0}}","{""822fc528-7ef6-46c6-9c09-8adf97a6b20c"": {""id"": ""822fc528-7ef6-46c6-9c09-8adf97a6b20c"", ""directory_path"": ""C:/Users/jamie/Code/file-manager-new\\ExamDocumentManager/International Baccalaureate/Physics/HigherLevel/2020/N"", ""file_name"": ""markscheme-N-2020-P2-PH-HigherLevel"", ""original_file_name"": ""markscheme-N-2020-P2-PH-HigherLevel"", ""file_type"": ""markscheme"", ""file_extension"": ""pdf"", ""suffix"": """", ""numberid"": 0}}",{}
c40fd188-3239-4326-8818-5cdfcb1b9955,True,,2020,November,,3,Physics,HL,,0.0,0.0,,0,"{""7"": 0, ""6"": 0, ""5"": 0, ""4"": 0, ""3"": 0, ""2"": 0, ""1"": 0}",IB,"{""c6d59752-8374-46ca-bed7-5d50a41cc688"": {""id"": ""c6d59752-8374-46ca-bed7-5d50a41cc688"", ""directory_path"": ""C:/Users/jamie/Code/file-manager-new\\ExamDocumentManager/International Baccalaureate/Physics/HigherLevel/2020/N"", ""file_name"": ""questionpaper-N-2020-P3-PH-HigherLevel"", ""original_file_name"": ""questionpaper-N-2020-P3-PH-HigherLevel"", ""file_type"": ""questionpaper"", ""file_extension"": ""pdf"", ""suffix"": """", ""numberid"": 0}}","{""1d361ae6-48c6-422b-9109-1d36a0883040"": {""id"": ""1d361ae6-48c6-422b-9109-1d36a0883040"", ""directory_path"": ""C:/Users/jamie/Code/file-manager-new\\ExamDocumentManager/International Baccalaureate/Physics/HigherLevel/2020/N"", ""file_name"": ""markscheme-N-2020-P3-PH-HigherLevel"", ""original_file_name"": ""markscheme-N-2020-P3-PH-HigherLevel"", ""file_type"": ""markscheme"", ""file_extension"": ""pdf"", ""suffix"": """", ""numberid"": 0}}",{}
96c11971-0e39-4f75-afe8-c2028c070f42,True,,2021,May,1,1,Physics,HL,,0.0,0.0,,0,"{""7"": 0, ""6"": 0, ""5"": 0, ""4"": 0, ""3"": 0, ""2"": 0, ""1"": 0}",IB,"{""9a9d937d-b533-4889-9534-5fb42b327a05"": {""id"": ""9a9d937d-b533-4889-9534-5fb42b327a05"", ""directory_path"": ""C:/Users/jamie/Code/file-manager-new\\ExamDocumentManager/International Baccalaureate/Physics/HigherLevel/2021/M/TZ1"", ""file_name"": ""questionpaper-M-2021-TZ1-P1-PH-HigherLevel"", ""original_file_name"": ""questionpaper-M-2021-TZ1-P1-PH-HigherLevel"", ""file_type"": ""questionpaper"", ""file_extension"": ""pdf"", ""suffix"": """", ""numberid"": 0}}","{""ecbabbb8-774f-4e06-b9d4-7446d6ed620d"": {""id"": ""ecbabbb8-774f-4e06-b9d4-7446d6ed620d"", ""directory_path"": ""C:/Users/jamie/Code/file-manager-new\\ExamDocumentManager/International Baccalaureate/Physics/HigherLevel/2021/M/TZ1"", ""file_name"": ""markscheme-M-2021-TZ1-P1-PH-HigherLevel"", ""original_file_name"": ""markscheme-M-2021-TZ1-P1-PH-HigherLevel"", ""file_type"": ""markscheme"", ""file_extension"": ""pdf"", ""suffix"": """", ""numberid"": 0}}",{}
0ded1ca2-9481-4ebc-90a2-37d43e96ca20,True,,2021,May,2,1,Physics,HL,,0.0,0.0,,0,"{""7"": 0, ""6"": 0, ""5"": 0, ""4"": 0, ""3"": 0, ""2"": 0, ""1"": 0}",IB,"{""36e235e7-402d-49cf-8ef3-9b3f879cdf85"": {""id"": ""36e235e7-402d-49cf-8ef3-9b3f879cdf85"", ""directory_path"": ""C:/Users/jamie/Code/file-manager-new\\ExamDocumentManager/International Baccalaureate/Physics/HigherLevel/2021/M/TZ2"", ""file_name"": ""questionpaper-M-2021-TZ2-P1-PH-HigherLevel"", ""original_file_name"": ""questionpaper-M-2021-TZ2-P1-PH-HigherLevel"", ""file_type"": ""questionpaper"", ""file_extension"": ""pdf"", ""suffix"": """", ""numberid"": 0}}","{""c3c2657e-e0de-41e3-bff4-3a334d7e876b"": {""id"": ""c3c2657e-e0de-41e3-bff4-3a334d7e876b"", ""directory_path"": ""C:/Users/jamie/Code/file-manager-new\\ExamDocumentManager/International Baccalaureate/Physics/HigherLevel/2021/M/TZ2"", ""file_name"": ""markscheme-M-2021-TZ2-P1-PH-HigherLevel"", ""original_file_name"": ""markscheme-M-2021-TZ2-P1-PH-HigherLevel"", ""file_type"": ""markscheme"", ""file_extension"": ""pdf"", ""suffix"": """", ""numberid"": 0}}",{}
10d6c4dc-62e0-47ef-a61e-54e4dccca11f,True,,2021,May,1,2,Physics,HL,,0.0,0.0,,0,"{""7"": 0, ""6"": 0, ""5"": 0, ""4"": 0, ""3"": 0, ""2"": 0, ""1"": 0}",IB,"{""f70a1843-5508-4e25-8a98-d1d75ea5407d"": {""id"": ""f70a1843-5508-4e25-8a98-d1d75ea5407d"", ""directory_path"": ""C:/Users/jamie/Code/file-manager-new\\ExamDocumentManager/International Baccalaureate/Physics/HigherLevel/2021/M/TZ1"", ""file_name"": ""questionpaper-M-2021-TZ1-P2-PH-HigherLevel"", ""original_file_name"": ""questionpaper-M-2021-TZ1-P2-PH-HigherLevel"", ""file_type"": ""questionpaper"", ""file_extension"": ""pdf"", ""suffix"": """", ""numberid"": 0}}","{""83573f73-0883-427a-bbb6-6297ffe804de"": {""id"": ""83573f73-0883-427a-bbb6-6297ffe804de"", ""directory_path"": ""C:/Users/jamie/Code/file-manager-new\\ExamDocumentManager/International Baccalaureate/Physics/HigherLevel/2021/M/TZ1"", ""file_name"": ""markscheme-M-2021-TZ1-P2-PH-HigherLevel"", ""original_file_name"": ""markscheme-M-2021-TZ1-P2-PH-HigherLevel"", ""file_type"": ""markscheme"", ""file_extension"": ""pdf"", ""suffix"": """", ""numberid"": 0}}",{}
2701bccf-caa1-4da8-bb61-1947997ea09a,True,,2021,May,2,2,Physics,HL,,0.0,0.0,,0,"{""7"": 0, ""6"": 0, ""5"": 0, ""4"": 0, ""3"": 0, ""2"": 0, ""1"": 0}",IB,"{""70f5f7c1-3338-4727-b9a0-d367da221f96"": {""id"": ""70f5f7c1-3338-4727-b9a0-d367da221f96"", ""directory_path"": ""C:/Users/jamie/Code/file-manager-new\\ExamDocumentManager/International Baccalaureate/Physics/HigherLevel/2021/M/TZ2"", ""file_name"": ""questionpaper-M-2021-TZ2-P2-PH-HigherLevel"", ""original_file_name"": ""questionpaper-M-2021-TZ2-P2-PH-HigherLevel"", ""file_type"": ""questionpaper"", ""file_extension"": ""pdf"", ""suffix"": """", ""numberid"": 0}}","{""8d6b9f0f-7c07-4072-9031-da77d4d3936d"": {""id"": ""8d6b9f0f-7c07-4072-9031-da77d4d3936d"", ""directory_path"": ""C:/Users/jamie/Code/file-manager-new\\ExamDocumentManager/International Baccalaureate/Physics/HigherLevel/2021/M/TZ2"", ""file_name"": ""markscheme-M-2021-TZ2-P2-PH-HigherLevel"", ""original_file_name"": ""markscheme-M-2021-TZ2-P2-PH-HigherLevel"", ""file_type"": ""markscheme"", ""file_extension"": ""pdf"", ""suffix"": """", ""numberid"": 0}}",{}
dede86c7-6a61-4bd2-ad64-b70c60673e3c,True,,2021,November,,1,Physics,HL,,0.0,0.0,,0,"{""7"": 0, ""6"": 0, ""5"": 0, ""4"": 0, ""3"": 0, ""2"": 0, ""1"": 0}",IB,"{""9aac15e8-5f96-4ba0-b914-e94b2ee65e5d"": {""id"": ""9aac15e8-5f96-4ba0-b914-e94b2ee65e5d"", ""directory_path"": ""C:/Users/jamie/Code/file-manager-new\\ExamDocumentManager/International Baccalaureate/Physics/HigherLevel/2021/N"", ""file_name"": ""questionpaper-N-2021-P1-PH-HigherLevel"", ""original_file_name"": ""questionpaper-N-2021-P1-PH-HigherLevel"", ""file_type"": ""questionpaper"", ""file_extension"": ""pdf"", ""suffix"": """", ""numberid"": 0}}","{""626cd7de-a637-4816-bb4f-ed50049d7b63"": {""id"": ""626cd7de-a637-4816-bb4f-ed50049d7b63"", ""directory_path"": ""C:/Users/jamie/Code/file-manager-new\\ExamDocumentManager/International Baccalaureate/Physics/HigherLevel/2021/N"", ""file_name"": ""markscheme-N-2021-P1-PH-HigherLevel"", ""original_file_name"": ""markscheme-N-2021-P1-PH-HigherLevel"", ""file_type"": ""markscheme"", ""file_extension"": ""pdf"", ""suffix"": """", ""numberid"": 0}}",{}
24e89994-97f0-411d-bb64-351453a278ca,True,,2021,November,,2,Physics,HL,,0.0,0.0,,0,"{""7"": 0, ""6"": 0, ""5"": 0, ""4"": 0, ""3"": 0, ""2"": 0, ""1"": 0}",IB,"{""8314b49d-a130-49d5-adf0-2d7de62876af"": {""id"": ""8314b49d-a130-49d5-adf0-2d7de62876af"", ""directory_path"": ""C:/Users/jamie/Code/file-manager-new\\ExamDocumentManager/International Baccalaureate/Physics/HigherLevel/2021/N"", ""file_name"": ""questionpaper-N-2021-P2-PH-HigherLevel"", ""original_file_name"": ""questionpaper-N-2021-P2-PH-HigherLevel"", ""file_type"": ""questionpaper"", ""file_extension"": ""pdf"", ""suffix"": """", ""numberid"": 0}}","{""3cb062db-b4da-4064-8efa-cc1d26af7afb"": {""id"": ""3cb062db-b4da-4064-8efa-cc1d26af7afb"", ""directory_path"": ""C:/Users/jamie/Code/file-manager-new\\ExamDocumentManager/International Baccalaureate/Physics/HigherLevel/2021/N"", ""file_name"": ""markscheme-N-2021-P2-PH-HigherLevel"", ""original_file_name"": ""markscheme-N-2021-P2-PH-HigherLevel"", ""file_type"": ""markscheme"", ""file_extension"": ""pdf"", ""suffix"": """", ""numberid"": 0}}",{}
d26d5899-ec31-4c56-ae95-6bd2d452be02,True,,21,21,1,1,Mathematics,,,0.0,0.0,,0,"{""A*"": 0, ""A"": 0, ""B"": 0, ""C"": 0, ""D"": 0, ""E"": 0}",AL,"{""dc668128-d1f4-4732-8af8-8c70dd706c35"": {""id"": ""dc668128-d1f4-4732-8af8-8c70dd706c35"", ""directory_path"": ""C:/Users/jamie/Code/file-manager-new\\ExamDocumentManager/A-Levels/Mathematics/2021/21/TZ1"", ""file_name"": ""questionpaper-21-2021-TZ1-P1-MA"", ""original_file_name"": ""questionpaper-21-2021-TZ1-P1-MA"", ""file_type"": ""questionpaper"", ""file_extension"": ""pdf"", ""suffix"": """", ""numberid"": 0}}","{""f3a99749-c222-4810-b4a9-29f8c3dad786"": {""id"": ""f3a99749-c222-4810-b4a9-29f8c3dad786"", ""directory_path"": ""C:/Users/jamie/Code/file-manager-new\\ExamDocumentManager/A-Levels/Mathematics/2021/21/TZ1"", ""file_name"": ""markscheme-21-2021-TZ1-P1-MA"", ""original_file_name"": ""markscheme-21-2021-TZ1-P1-MA"", ""file_type"": ""markscheme"", ""file_extension"": ""pdf"", ""suffix"": """", ""numberid"": 0}}",{}
